BEGIN:VCALENDAR
VERSION:2.0
PRODID:-//Office Holidays Ltd.//EN
CALSCALE:GREGORIAN
REFRESH-INTERVAL;VALUE=DURATION:PT48H
X-WR-TIMEZONE:Atlantic/Reykjavik
X-WR-CALNAME:Iceland holidays
X-WR-CALDESC:
METHOD:PUBLISH
BEGIN:VEVENT
CLASS:PUBLIC
UID:2023-01-01IS415regcountry@www.officeholidays.com
CREATED:20230403T080000Z
DESCRIPTION:New Year's Day is a public holiday in all countries that obse
 rve the Gregorian calendar\, with the exception of Israel\n\nFlag Day\n\
 nInformation provided by www.officeholidays.com
URL:https://www.officeholidays.com/holidays/iceland/international-new-yea
 rs-day
DTSTART;VALUE=DATE:20230101
DTEND;VALUE=DATE:20230102
DTSTAMP:20230101T000000Z
LOCATION:Iceland
PRIORITY:5
LAST-MODIFIED:20210707T000000Z
SUMMARY;LANGUAGE=en-us:Iceland: New Year's Day
TRANSP:OPAQUE
SEQUENCE:2
X-CONFLUENCE-SUBCALENDAR-TYPE:subscription
CATEGORIES:subscription
STATUS:CONFIRMED
END:VEVENT
BEGIN:VEVENT
CLASS:PUBLIC
UID:2023-04-06IS542regcountry@www.officeholidays.com
CREATED:20230403T080000Z
DESCRIPTION:Also Known as Holy Thursday\, Maundy Thursday commemorates th
 e last supper and established the ceremony known as the Eucharist\n\nThe
  Thursday before Easter Sunday\n\nInformation provided by www.officeholi
 days.com
URL:https://www.officeholidays.com/holidays/iceland/maundy-thursday
DTSTART;VALUE=DATE:20230406
DTEND;VALUE=DATE:20230407
DTSTAMP:20230406T000000Z
LOCATION:Iceland
PRIORITY:5
LAST-MODIFIED:20210707T000000Z
SUMMARY;LANGUAGE=en-us:Iceland: Maundy Thursday
TRANSP:OPAQUE
SEQUENCE:2
X-CONFLUENCE-SUBCALENDAR-TYPE:subscription
CATEGORIES:subscription
STATUS:CONFIRMED
END:VEVENT
BEGIN:VEVENT
CLASS:PUBLIC
UID:2023-04-07IS345regcountry@www.officeholidays.com
CREATED:20230403T080000Z
DESCRIPTION:Good Friday occurs on the Friday before Easter. The day comme
 morates the Crucifixion of Jesus.\n\nFlag Day\n\nInformation provided by
  www.officeholidays.com
URL:https://www.officeholidays.com/holidays/iceland/good-friday
DTSTART;VALUE=DATE:20230407
DTEND;VALUE=DATE:20230408
DTSTAMP:20230407T000000Z
LOCATION:Iceland
PRIORITY:5
LAST-MODIFIED:20230321T000000Z
SUMMARY;LANGUAGE=en-us:Iceland: Good Friday
TRANSP:OPAQUE
SEQUENCE:2
X-CONFLUENCE-SUBCALENDAR-TYPE:subscription
CATEGORIES:subscription
STATUS:CONFIRMED
END:VEVENT
BEGIN:VEVENT
CLASS:PUBLIC
UID:2023-04-09IS265regcountry@www.officeholidays.com
CREATED:20230403T080000Z
DESCRIPTION:Flag Day\n\n\n\nInformation provided by www.officeholidays.co
 m
URL:https://www.officeholidays.com/holidays/iceland/easter-sunday
DTSTART;VALUE=DATE:20230409
DTEND;VALUE=DATE:20230410
DTSTAMP:20230409T000000Z
LOCATION:Iceland
PRIORITY:5
LAST-MODIFIED:20210707T000000Z
SUMMARY;LANGUAGE=en-us:Iceland: Easter Sunday
TRANSP:OPAQUE
SEQUENCE:2
X-CONFLUENCE-SUBCALENDAR-TYPE:subscription
CATEGORIES:subscription
STATUS:CONFIRMED
END:VEVENT
BEGIN:VEVENT
CLASS:PUBLIC
UID:2023-04-10IS263regcountry@www.officeholidays.com
CREATED:20230403T080000Z
DESCRIPTION:Easter is probably the most important holiday of the Christia
 n year\, celebrating the Resurrection of Jesus\n\n\n\nInformation provid
 ed by www.officeholidays.com
URL:https://www.officeholidays.com/holidays/iceland/easter-monday
DTSTART;VALUE=DATE:20230410
DTEND;VALUE=DATE:20230411
DTSTAMP:20230410T000000Z
LOCATION:Iceland
PRIORITY:5
LAST-MODIFIED:20230321T000000Z
SUMMARY;LANGUAGE=en-us:Iceland: Easter Monday
TRANSP:OPAQUE
SEQUENCE:2
X-CONFLUENCE-SUBCALENDAR-TYPE:subscription
CATEGORIES:subscription
STATUS:CONFIRMED
END:VEVENT
BEGIN:VEVENT
CLASS:PUBLIC
UID:2023-04-20IS314regcountry@www.officeholidays.com
CREATED:20230403T080000Z
DESCRIPTION:Known in Icelandic as 'Sumardagurinn fyrsti'\, this holiday i
 s an Icelandic flag day and marks the arrival of the first day of summer
 \n\nThursday after April 18th\n\nInformation provided by www.officeholid
 ays.com
URL:https://www.officeholidays.com/holidays/iceland/first-day-of-summer
DTSTART;VALUE=DATE:20230420
DTEND;VALUE=DATE:20230421
DTSTAMP:20230420T000000Z
LOCATION:Iceland
PRIORITY:5
LAST-MODIFIED:20210707T000000Z
SUMMARY;LANGUAGE=en-us:Iceland: First Day of Summer
TRANSP:OPAQUE
SEQUENCE:2
X-CONFLUENCE-SUBCALENDAR-TYPE:subscription
CATEGORIES:subscription
STATUS:CONFIRMED
END:VEVENT
BEGIN:VEVENT
CLASS:PUBLIC
UID:2023-05-01IS475regcountry@www.officeholidays.com
CREATED:20230403T080000Z
DESCRIPTION:This holiday is most commonly associated as a commemoration o
 f the achievements of the labour movement\n\nFlag Day\n\nInformation pro
 vided by www.officeholidays.com
URL:https://www.officeholidays.com/holidays/iceland/labour-day
DTSTART;VALUE=DATE:20230501
DTEND;VALUE=DATE:20230502
DTSTAMP:20230501T000000Z
LOCATION:Iceland
PRIORITY:5
LAST-MODIFIED:20210707T000000Z
SUMMARY;LANGUAGE=en-us:Iceland: Workers' Day
TRANSP:OPAQUE
SEQUENCE:2
X-CONFLUENCE-SUBCALENDAR-TYPE:subscription
CATEGORIES:subscription
STATUS:CONFIRMED
END:VEVENT
BEGIN:VEVENT
CLASS:PUBLIC
UID:2023-05-18IS37regcountry@www.officeholidays.com
CREATED:20230403T080000Z
DESCRIPTION:This day observes the departure of Jesus from earth after his
  resurrection. It is perhaps the earliest observed celebration in Christ
 ianity.\n\n39 days after Easter Sunday\n\nInformation provided by www.of
 ficeholidays.com
URL:https://www.officeholidays.com/holidays/iceland/ascension-day
DTSTART;VALUE=DATE:20230518
DTEND;VALUE=DATE:20230519
DTSTAMP:20230518T000000Z
LOCATION:Iceland
PRIORITY:5
LAST-MODIFIED:20221008T000000Z
SUMMARY;LANGUAGE=en-us:Iceland: Ascension Day
TRANSP:OPAQUE
SEQUENCE:2
X-CONFLUENCE-SUBCALENDAR-TYPE:subscription
CATEGORIES:subscription
STATUS:CONFIRMED
END:VEVENT
BEGIN:VEVENT
CLASS:PUBLIC
UID:2023-05-28IS1012regcountry@www.officeholidays.com
CREATED:20230403T080000Z
DESCRIPTION:Celebrates the gift of the Holy Spirit. It is celebrated on t
 he seventh Sunday after Easter\n\n50 Days after Easter\n\nInformation pr
 ovided by www.officeholidays.com
URL:https://www.officeholidays.com/holidays/iceland/pentecost-sunday
DTSTART;VALUE=DATE:20230528
DTEND;VALUE=DATE:20230529
DTSTAMP:20230528T000000Z
LOCATION:Iceland
PRIORITY:5
LAST-MODIFIED:20210707T000000Z
SUMMARY;LANGUAGE=en-us:Iceland: Whit Sunday
TRANSP:OPAQUE
SEQUENCE:2
X-CONFLUENCE-SUBCALENDAR-TYPE:subscription
CATEGORIES:subscription
STATUS:CONFIRMED
END:VEVENT
BEGIN:VEVENT
CLASS:PUBLIC
UID:2023-05-29IS927regcountry@www.officeholidays.com
CREATED:20230403T080000Z
DESCRIPTION:Commemorates the coming of the Holy Spirit in the form of fla
 mes to the Apostles.\n\n7th Monday after Easter\n\nInformation provided 
 by www.officeholidays.com
URL:https://www.officeholidays.com/holidays/iceland/whit-monday
DTSTART;VALUE=DATE:20230529
DTEND;VALUE=DATE:20230530
DTSTAMP:20230529T000000Z
LOCATION:Iceland
PRIORITY:5
LAST-MODIFIED:20210707T000000Z
SUMMARY;LANGUAGE=en-us:Iceland: Whit Monday
TRANSP:OPAQUE
SEQUENCE:2
X-CONFLUENCE-SUBCALENDAR-TYPE:subscription
CATEGORIES:subscription
STATUS:CONFIRMED
END:VEVENT
BEGIN:VEVENT
CLASS:PUBLIC
UID:2023-06-17IS388regcountry@www.officeholidays.com
CREATED:20230403T080000Z
DESCRIPTION:Also called Icelandic National Day\, June 17th marks Iceland'
 s move to complete independence from Denmark\n\nNational Day\n\nInformat
 ion provided by www.officeholidays.com
URL:https://www.officeholidays.com/holidays/iceland/iceland-independence-
 day
DTSTART;VALUE=DATE:20230617
DTEND;VALUE=DATE:20230618
DTSTAMP:20230617T000000Z
LOCATION:Iceland
PRIORITY:5
LAST-MODIFIED:20210707T000000Z
SUMMARY;LANGUAGE=en-us:Iceland: Independence Day
TRANSP:OPAQUE
SEQUENCE:2
X-CONFLUENCE-SUBCALENDAR-TYPE:subscription
CATEGORIES:subscription
STATUS:CONFIRMED
END:VEVENT
BEGIN:VEVENT
CLASS:PUBLIC
UID:2023-08-07IS195regcountry@www.officeholidays.com
CREATED:20230403T080000Z
DESCRIPTION:This holiday was first observed Thursday September 13th 1894.
  The date is known as it was agreed on at a meeting of unions and manage
 rs from the larger shops in Reykjavík\n\n1st Monday in August\n\nInforma
 tion provided by www.officeholidays.com
URL:https://www.officeholidays.com/holidays/iceland/commerce-day
DTSTART;VALUE=DATE:20230807
DTEND;VALUE=DATE:20230808
DTSTAMP:20230807T000000Z
LOCATION:Iceland
PRIORITY:5
LAST-MODIFIED:20210707T000000Z
SUMMARY;LANGUAGE=en-us:Iceland: Commerce Day
TRANSP:OPAQUE
SEQUENCE:2
X-CONFLUENCE-SUBCALENDAR-TYPE:subscription
CATEGORIES:subscription
STATUS:CONFIRMED
END:VEVENT
BEGIN:VEVENT
CLASS:PUBLIC
UID:2023-12-24IS182regcountry@www.officeholidays.com
CREATED:20230403T080000Z
DESCRIPTION:Christmas Eve marks the culmination of the Advent period befo
 re Christmas that started on the fourth Sunday before Christmas Eve.\n\n
 Afternoon Only\n\nInformation provided by www.officeholidays.com
URL:https://www.officeholidays.com/holidays/iceland/christmas-eve
DTSTART;VALUE=DATE:20231224
DTEND;VALUE=DATE:20231225
DTSTAMP:20231224T000000Z
LOCATION:Iceland
PRIORITY:5
LAST-MODIFIED:20210707T000000Z
SUMMARY;LANGUAGE=en-us:Iceland: Christmas Eve
TRANSP:OPAQUE
SEQUENCE:2
X-CONFLUENCE-SUBCALENDAR-TYPE:subscription
CATEGORIES:subscription
STATUS:CONFIRMED
END:VEVENT
BEGIN:VEVENT
CLASS:PUBLIC
UID:2023-12-25IS181regcountry@www.officeholidays.com
CREATED:20230403T080000Z
DESCRIPTION:Christmas celebrates the Nativity of Jesus which according to
  tradition took place on December 25th 1 BC\n\nFlag Day\n\nInformation p
 rovided by www.officeholidays.com
URL:https://www.officeholidays.com/holidays/iceland/christmas-day
DTSTART;VALUE=DATE:20231225
DTEND;VALUE=DATE:20231226
DTSTAMP:20231225T000000Z
LOCATION:Iceland
PRIORITY:5
LAST-MODIFIED:20210707T000000Z
SUMMARY;LANGUAGE=en-us:Iceland: Christmas Day
TRANSP:OPAQUE
SEQUENCE:2
X-CONFLUENCE-SUBCALENDAR-TYPE:subscription
CATEGORIES:subscription
STATUS:CONFIRMED
END:VEVENT
BEGIN:VEVENT
CLASS:PUBLIC
UID:2023-12-26IS1084regcountry@www.officeholidays.com
CREATED:20230403T080000Z
DESCRIPTION:Several countries and regions around the world extend their p
 ublic holidays for Christmas beyond 25th December\n\n\n\nInformation pro
 vided by www.officeholidays.com
URL:https://www.officeholidays.com/holidays/iceland/christmas-holiday
DTSTART;VALUE=DATE:20231226
DTEND;VALUE=DATE:20231227
DTSTAMP:20231226T000000Z
LOCATION:Iceland
PRIORITY:5
LAST-MODIFIED:20230209T000000Z
SUMMARY;LANGUAGE=en-us:Iceland: Second Day of Christmas
TRANSP:OPAQUE
SEQUENCE:2
X-CONFLUENCE-SUBCALENDAR-TYPE:subscription
CATEGORIES:subscription
STATUS:CONFIRMED
END:VEVENT
BEGIN:VEVENT
CLASS:PUBLIC
UID:2023-12-31IS603regcountry@www.officeholidays.com
CREATED:20230403T080000Z
DESCRIPTION:The last day of the year in the Gregorian calendar is usually
  celebrated with parties as midnight approaches\n\n\n\nInformation provi
 ded by www.officeholidays.com
URL:https://www.officeholidays.com/holidays/iceland/new-years-eve
DTSTART;VALUE=DATE:20231231
DTEND;VALUE=DATE:20240101
DTSTAMP:20231231T000000Z
LOCATION:Iceland
PRIORITY:5
LAST-MODIFIED:20210707T000000Z
SUMMARY;LANGUAGE=en-us:Iceland: New Year's Eve
TRANSP:OPAQUE
SEQUENCE:2
X-CONFLUENCE-SUBCALENDAR-TYPE:subscription
CATEGORIES:subscription
STATUS:CONFIRMED
END:VEVENT
BEGIN:VEVENT
CLASS:PUBLIC
UID:2024-01-01IS415regcountry@www.officeholidays.com
CREATED:20230403T080000Z
DESCRIPTION:New Year's Day is a public holiday in all countries that obse
 rve the Gregorian calendar\, with the exception of Israel\n\nFlag Day\n\
 nInformation provided by www.officeholidays.com
URL:https://www.officeholidays.com/holidays/iceland/international-new-yea
 rs-day
DTSTART;VALUE=DATE:20240101
DTEND;VALUE=DATE:20240102
DTSTAMP:20240101T000000Z
LOCATION:Iceland
PRIORITY:5
LAST-MODIFIED:20210707T000000Z
SUMMARY;LANGUAGE=en-us:Iceland: New Year's Day
TRANSP:OPAQUE
SEQUENCE:2
X-CONFLUENCE-SUBCALENDAR-TYPE:subscription
CATEGORIES:subscription
STATUS:CONFIRMED
END:VEVENT
BEGIN:VEVENT
CLASS:PUBLIC
UID:2024-03-28IS542regcountry@www.officeholidays.com
CREATED:20230403T080000Z
DESCRIPTION:Also Known as Holy Thursday\, Maundy Thursday commemorates th
 e last supper and established the ceremony known as the Eucharist\n\nThe
  Thursday before Easter Sunday\n\nInformation provided by www.officeholi
 days.com
URL:https://www.officeholidays.com/holidays/iceland/maundy-thursday
DTSTART;VALUE=DATE:20240328
DTEND;VALUE=DATE:20240329
DTSTAMP:20240328T000000Z
LOCATION:Iceland
PRIORITY:5
LAST-MODIFIED:20210707T000000Z
SUMMARY;LANGUAGE=en-us:Iceland: Maundy Thursday
TRANSP:OPAQUE
SEQUENCE:2
X-CONFLUENCE-SUBCALENDAR-TYPE:subscription
CATEGORIES:subscription
STATUS:CONFIRMED
END:VEVENT
BEGIN:VEVENT
CLASS:PUBLIC
UID:2024-03-29IS345regcountry@www.officeholidays.com
CREATED:20230403T080000Z
DESCRIPTION:Good Friday occurs on the Friday before Easter. The day comme
 morates the Crucifixion of Jesus.\n\nFlag Day\n\nInformation provided by
  www.officeholidays.com
URL:https://www.officeholidays.com/holidays/iceland/good-friday
DTSTART;VALUE=DATE:20240329
DTEND;VALUE=DATE:20240330
DTSTAMP:20240329T000000Z
LOCATION:Iceland
PRIORITY:5
LAST-MODIFIED:20210707T000000Z
SUMMARY;LANGUAGE=en-us:Iceland: Good Friday
TRANSP:OPAQUE
SEQUENCE:2
X-CONFLUENCE-SUBCALENDAR-TYPE:subscription
CATEGORIES:subscription
STATUS:CONFIRMED
END:VEVENT
BEGIN:VEVENT
CLASS:PUBLIC
UID:2024-03-31IS265regcountry@www.officeholidays.com
CREATED:20230403T080000Z
DESCRIPTION:Flag Day\n\n\n\nInformation provided by www.officeholidays.co
 m
URL:https://www.officeholidays.com/holidays/iceland/easter-sunday
DTSTART;VALUE=DATE:20240331
DTEND;VALUE=DATE:20240401
DTSTAMP:20240331T000000Z
LOCATION:Iceland
PRIORITY:5
LAST-MODIFIED:20210707T000000Z
SUMMARY;LANGUAGE=en-us:Iceland: Easter Sunday
TRANSP:OPAQUE
SEQUENCE:2
X-CONFLUENCE-SUBCALENDAR-TYPE:subscription
CATEGORIES:subscription
STATUS:CONFIRMED
END:VEVENT
BEGIN:VEVENT
CLASS:PUBLIC
UID:2024-04-01IS263regcountry@www.officeholidays.com
CREATED:20230403T080000Z
DESCRIPTION:Easter is probably the most important holiday of the Christia
 n year\, celebrating the Resurrection of Jesus\n\n\n\nInformation provid
 ed by www.officeholidays.com
URL:https://www.officeholidays.com/holidays/iceland/easter-monday
DTSTART;VALUE=DATE:20240401
DTEND;VALUE=DATE:20240402
DTSTAMP:20240401T000000Z
LOCATION:Iceland
PRIORITY:5
LAST-MODIFIED:20210707T000000Z
SUMMARY;LANGUAGE=en-us:Iceland: Easter Monday
TRANSP:OPAQUE
SEQUENCE:2
X-CONFLUENCE-SUBCALENDAR-TYPE:subscription
CATEGORIES:subscription
STATUS:CONFIRMED
END:VEVENT
BEGIN:VEVENT
CLASS:PUBLIC
UID:2024-04-25IS314regcountry@www.officeholidays.com
CREATED:20230403T080000Z
DESCRIPTION:Known in Icelandic as 'Sumardagurinn fyrsti'\, this holiday i
 s an Icelandic flag day and marks the arrival of the first day of summer
 \n\nThursday after April 18th\n\nInformation provided by www.officeholid
 ays.com
URL:https://www.officeholidays.com/holidays/iceland/first-day-of-summer
DTSTART;VALUE=DATE:20240425
DTEND;VALUE=DATE:20240426
DTSTAMP:20240425T000000Z
LOCATION:Iceland
PRIORITY:5
LAST-MODIFIED:20210707T000000Z
SUMMARY;LANGUAGE=en-us:Iceland: First Day of Summer
TRANSP:OPAQUE
SEQUENCE:2
X-CONFLUENCE-SUBCALENDAR-TYPE:subscription
CATEGORIES:subscription
STATUS:CONFIRMED
END:VEVENT
BEGIN:VEVENT
CLASS:PUBLIC
UID:2024-05-01IS475regcountry@www.officeholidays.com
CREATED:20230403T080000Z
DESCRIPTION:This holiday is most commonly associated as a commemoration o
 f the achievements of the labour movement\n\nFlag Day\n\nInformation pro
 vided by www.officeholidays.com
URL:https://www.officeholidays.com/holidays/iceland/labour-day
DTSTART;VALUE=DATE:20240501
DTEND;VALUE=DATE:20240502
DTSTAMP:20240501T000000Z
LOCATION:Iceland
PRIORITY:5
LAST-MODIFIED:20210707T000000Z
SUMMARY;LANGUAGE=en-us:Iceland: Workers' Day
TRANSP:OPAQUE
SEQUENCE:2
X-CONFLUENCE-SUBCALENDAR-TYPE:subscription
CATEGORIES:subscription
STATUS:CONFIRMED
END:VEVENT
BEGIN:VEVENT
CLASS:PUBLIC
UID:2024-05-09IS37regcountry@www.officeholidays.com
CREATED:20230403T080000Z
DESCRIPTION:This day observes the departure of Jesus from earth after his
  resurrection. It is perhaps the earliest observed celebration in Christ
 ianity.\n\n39 days after Easter Sunday\n\nInformation provided by www.of
 ficeholidays.com
URL:https://www.officeholidays.com/holidays/iceland/ascension-day
DTSTART;VALUE=DATE:20240509
DTEND;VALUE=DATE:20240510
DTSTAMP:20240509T000000Z
LOCATION:Iceland
PRIORITY:5
LAST-MODIFIED:20221008T000000Z
SUMMARY;LANGUAGE=en-us:Iceland: Ascension Day
TRANSP:OPAQUE
SEQUENCE:2
X-CONFLUENCE-SUBCALENDAR-TYPE:subscription
CATEGORIES:subscription
STATUS:CONFIRMED
END:VEVENT
BEGIN:VEVENT
CLASS:PUBLIC
UID:2024-05-19IS1012regcountry@www.officeholidays.com
CREATED:20230403T080000Z
DESCRIPTION:Celebrates the gift of the Holy Spirit. It is celebrated on t
 he seventh Sunday after Easter\n\n50 Days after Easter\n\nInformation pr
 ovided by www.officeholidays.com
URL:https://www.officeholidays.com/holidays/iceland/pentecost-sunday
DTSTART;VALUE=DATE:20240519
DTEND;VALUE=DATE:20240520
DTSTAMP:20240519T000000Z
LOCATION:Iceland
PRIORITY:5
LAST-MODIFIED:20210707T000000Z
SUMMARY;LANGUAGE=en-us:Iceland: Whit Sunday
TRANSP:OPAQUE
SEQUENCE:2
X-CONFLUENCE-SUBCALENDAR-TYPE:subscription
CATEGORIES:subscription
STATUS:CONFIRMED
END:VEVENT
BEGIN:VEVENT
CLASS:PUBLIC
UID:2024-05-20IS927regcountry@www.officeholidays.com
CREATED:20230403T080000Z
DESCRIPTION:Commemorates the coming of the Holy Spirit in the form of fla
 mes to the Apostles.\n\n7th Monday after Easter\n\nInformation provided 
 by www.officeholidays.com
URL:https://www.officeholidays.com/holidays/iceland/whit-monday
DTSTART;VALUE=DATE:20240520
DTEND;VALUE=DATE:20240521
DTSTAMP:20240520T000000Z
LOCATION:Iceland
PRIORITY:5
LAST-MODIFIED:20210707T000000Z
SUMMARY;LANGUAGE=en-us:Iceland: Whit Monday
TRANSP:OPAQUE
SEQUENCE:2
X-CONFLUENCE-SUBCALENDAR-TYPE:subscription
CATEGORIES:subscription
STATUS:CONFIRMED
END:VEVENT
BEGIN:VEVENT
CLASS:PUBLIC
UID:2024-06-17IS388regcountry@www.officeholidays.com
CREATED:20230403T080000Z
DESCRIPTION:Also called Icelandic National Day\, June 17th marks Iceland'
 s move to complete independence from Denmark\n\nNational Day\n\nInformat
 ion provided by www.officeholidays.com
URL:https://www.officeholidays.com/holidays/iceland/iceland-independence-
 day
DTSTART;VALUE=DATE:20240617
DTEND;VALUE=DATE:20240618
DTSTAMP:20240617T000000Z
LOCATION:Iceland
PRIORITY:5
LAST-MODIFIED:20210707T000000Z
SUMMARY;LANGUAGE=en-us:Iceland: Independence Day
TRANSP:OPAQUE
SEQUENCE:2
X-CONFLUENCE-SUBCALENDAR-TYPE:subscription
CATEGORIES:subscription
STATUS:CONFIRMED
END:VEVENT
BEGIN:VEVENT
CLASS:PUBLIC
UID:2024-08-05IS195regcountry@www.officeholidays.com
CREATED:20230403T080000Z
DESCRIPTION:This holiday was first observed Thursday September 13th 1894.
  The date is known as it was agreed on at a meeting of unions and manage
 rs from the larger shops in Reykjavík\n\n1st Monday in August\n\nInforma
 tion provided by www.officeholidays.com
URL:https://www.officeholidays.com/holidays/iceland/commerce-day
DTSTART;VALUE=DATE:20240805
DTEND;VALUE=DATE:20240806
DTSTAMP:20240805T000000Z
LOCATION:Iceland
PRIORITY:5
LAST-MODIFIED:20210707T000000Z
SUMMARY;LANGUAGE=en-us:Iceland: Commerce Day
TRANSP:OPAQUE
SEQUENCE:2
X-CONFLUENCE-SUBCALENDAR-TYPE:subscription
CATEGORIES:subscription
STATUS:CONFIRMED
END:VEVENT
BEGIN:VEVENT
CLASS:PUBLIC
UID:2024-12-24IS182regcountry@www.officeholidays.com
CREATED:20230403T080000Z
DESCRIPTION:Christmas Eve marks the culmination of the Advent period befo
 re Christmas that started on the fourth Sunday before Christmas Eve.\n\n
 Afternoon Only\n\nInformation provided by www.officeholidays.com
URL:https://www.officeholidays.com/holidays/iceland/christmas-eve
DTSTART;VALUE=DATE:20241224
DTEND;VALUE=DATE:20241225
DTSTAMP:20241224T000000Z
LOCATION:Iceland
PRIORITY:5
LAST-MODIFIED:20210707T000000Z
SUMMARY;LANGUAGE=en-us:Iceland: Christmas Eve
TRANSP:OPAQUE
SEQUENCE:2
X-CONFLUENCE-SUBCALENDAR-TYPE:subscription
CATEGORIES:subscription
STATUS:CONFIRMED
END:VEVENT
BEGIN:VEVENT
CLASS:PUBLIC
UID:2024-12-25IS181regcountry@www.officeholidays.com
CREATED:20230403T080000Z
DESCRIPTION:Christmas celebrates the Nativity of Jesus which according to
  tradition took place on December 25th 1 BC\n\nFlag Day\n\nInformation p
 rovided by www.officeholidays.com
URL:https://www.officeholidays.com/holidays/iceland/christmas-day
DTSTART;VALUE=DATE:20241225
DTEND;VALUE=DATE:20241226
DTSTAMP:20241225T000000Z
LOCATION:Iceland
PRIORITY:5
LAST-MODIFIED:20210707T000000Z
SUMMARY;LANGUAGE=en-us:Iceland: Christmas Day
TRANSP:OPAQUE
SEQUENCE:2
X-CONFLUENCE-SUBCALENDAR-TYPE:subscription
CATEGORIES:subscription
STATUS:CONFIRMED
END:VEVENT
BEGIN:VEVENT
CLASS:PUBLIC
UID:2024-12-26IS1084regcountry@www.officeholidays.com
CREATED:20230403T080000Z
DESCRIPTION:Several countries and regions around the world extend their p
 ublic holidays for Christmas beyond 25th December\n\n\n\nInformation pro
 vided by www.officeholidays.com
URL:https://www.officeholidays.com/holidays/iceland/christmas-holiday
DTSTART;VALUE=DATE:20241226
DTEND;VALUE=DATE:20241227
DTSTAMP:20241226T000000Z
LOCATION:Iceland
PRIORITY:5
LAST-MODIFIED:20230209T000000Z
SUMMARY;LANGUAGE=en-us:Iceland: Second Day of Christmas
TRANSP:OPAQUE
SEQUENCE:2
X-CONFLUENCE-SUBCALENDAR-TYPE:subscription
CATEGORIES:subscription
STATUS:CONFIRMED
END:VEVENT
BEGIN:VEVENT
CLASS:PUBLIC
UID:2024-12-31IS603regcountry@www.officeholidays.com
CREATED:20230403T080000Z
DESCRIPTION:The last day of the year in the Gregorian calendar is usually
  celebrated with parties as midnight approaches\n\n\n\nInformation provi
 ded by www.officeholidays.com
URL:https://www.officeholidays.com/holidays/iceland/new-years-eve
DTSTART;VALUE=DATE:20241231
DTEND;VALUE=DATE:20250101
DTSTAMP:20241231T000000Z
LOCATION:Iceland
PRIORITY:5
LAST-MODIFIED:20210707T000000Z
SUMMARY;LANGUAGE=en-us:Iceland: New Year's Eve
TRANSP:OPAQUE
SEQUENCE:2
X-CONFLUENCE-SUBCALENDAR-TYPE:subscription
CATEGORIES:subscription
STATUS:CONFIRMED
END:VEVENT
BEGIN:VTIMEZONE
TZID:Atlantic/Reykjavik
TZURL:http://tzurl.org/zoneinfo/Atlantic/Reykjavik
SEQUENCE:0
BEGIN:STANDARD
TZOFFSETFROM:-012724
TZOFFSETTO:-012748
TZNAME:RMT
DTSTART:18370101T000000
RDATE:18370101T000000
END:STANDARD
BEGIN:STANDARD
TZOFFSETFROM:-012748
TZOFFSETTO:-0100
TZNAME:IST
DTSTART:19080101T000000
RDATE:19080101T000000
END:STANDARD
BEGIN:DAYLIGHT
TZOFFSETFROM:-0100
TZOFFSETTO:+0000
TZNAME:ISST
DTSTART:19170219T230000
RDATE:19170219T230000
RDATE:19180219T230000
RDATE:19390429T230000
RDATE:19400225T020000
RDATE:19410302T010000
RDATE:19420308T010000
RDATE:19430307T010000
RDATE:19440305T010000
RDATE:19450304T010000
RDATE:19460303T010000
RDATE:19470406T010000
RDATE:19480404T010000
RDATE:19490403T010000
RDATE:19500402T010000
RDATE:19510401T010000
RDATE:19520406T010000
RDATE:19530405T010000
RDATE:19540404T010000
RDATE:19550403T010000
RDATE:19560401T010000
RDATE:19570407T010000
RDATE:19580406T010000
RDATE:19590405T010000
RDATE:19600403T010000
RDATE:19610402T010000
RDATE:19620401T010000
RDATE:19630407T010000
RDATE:19640405T010000
RDATE:19650404T010000
RDATE:19660403T010000
RDATE:19670402T010000
END:DAYLIGHT
BEGIN:STANDARD
TZOFFSETFROM:+0000
TZOFFSETTO:-0100
TZNAME:IST
DTSTART:19171021T010000
RDATE:19171021T010000
RDATE:19181116T010000
RDATE:19391129T020000
RDATE:19401103T020000
RDATE:19411102T020000
RDATE:19421025T020000
RDATE:19431024T020000
RDATE:19441022T020000
RDATE:19451028T020000
RDATE:19461027T020000
RDATE:19471026T020000
RDATE:19481024T020000
RDATE:19491030T020000
RDATE:19501022T020000
RDATE:19511028T020000
RDATE:19521026T020000
RDATE:19531025T020000
RDATE:19541024T020000
RDATE:19551023T020000
RDATE:19561028T020000
RDATE:19571027T020000
RDATE:19581026T020000
RDATE:19591025T020000
RDATE:19601023T020000
RDATE:19611022T020000
RDATE:19621028T020000
RDATE:19631027T020000
RDATE:19641025T020000
RDATE:19651024T020000
RDATE:19661023T020000
RDATE:19671029T020000
END:STANDARD
BEGIN:STANDARD
TZOFFSETFROM:-0100
TZOFFSETTO:+0000
TZNAME:GMT
DTSTART:19680407T010000
RDATE:19680407T010000
END:STANDARD
END:VTIMEZONE
END:VCALENDAR
